{"cameraMode":{"drawMode":0,"name":"Shaded","section":"Shading Mode"},"sceneLighting":true,"audioPlay":false,"sceneViewState":{"m_AlwaysRefresh":false,"showFog":true,"showSkybox":true,"showFlares":true,"showImageEffects":true,"showParticleSystems":true,"showVisualEffectGraphs":true,"m_FxEnabled":true},"in2DMode":false,"pivot":{"x":-1.0796051025390626,"y":9.414316177368164,"z":25.209287643432618},"rotation":{"x":0.07229801267385483,"y":-0.7125422954559326,"z":0.0742344781756401,"w":0.6939414739608765},"size":7.4012932777404789,"orthographic":false}