{"cameraMode":{"drawMode":0,"name":"Shaded","section":"Shading Mode"},"sceneLighting":true,"audioPlay":false,"sceneViewState":{"m_AlwaysRefresh":false,"showFog":true,"showSkybox":true,"showFlares":true,"showImageEffects":true,"showParticleSystems":true,"showVisualEffectGraphs":true,"m_FxEnabled":true},"in2DMode":false,"pivot":{"x":4.373024940490723,"y":1.9360389709472657,"z":2.5602293014526369},"rotation":{"x":-0.2912440299987793,"y":-0.07222769409418106,"z":0.022059177979826928,"w":-0.953665018081665},"size":12.250263214111329,"orthographic":false}