{"cameraMode":{"drawMode":0,"name":"Shaded","section":"Shading Mode"},"sceneLighting":true,"audioPlay":false,"sceneViewState":{"m_AlwaysRefresh":false,"showFog":true,"showSkybox":true,"showFlares":true,"showImageEffects":true,"showParticleSystems":true,"showVisualEffectGraphs":true,"m_FxEnabled":true},"in2DMode":false,"pivot":{"x":-2.528728485107422,"y":3.8237667083740236,"z":7.406761169433594},"rotation":{"x":0.17638158798217774,"y":0.002340929815545678,"z":-0.00041807195520959795,"w":0.9843220710754395},"size":10.718803405761719,"orthographic":false}