{"cameraMode":{"drawMode":0,"name":"Shaded","section":"Shading Mode"},"sceneLighting":true,"audioPlay":false,"sceneViewState":{"m_AlwaysRefresh":false,"showFog":true,"showSkybox":true,"showFlares":true,"showImageEffects":true,"showParticleSystems":true,"showVisualEffectGraphs":true,"m_FxEnabled":true},"in2DMode":false,"pivot":{"x":0.9609917402267456,"y":2.7549076080322267,"z":1.716425895690918},"rotation":{"x":0.11702688783407211,"y":-0.01638893224298954,"z":0.0019462116761133075,"w":0.9930161833763123},"size":2.8920321464538576,"orthographic":false}